"ISO2","NAMEen","NAMEfr","UNRegion","GrowthRate","PopDensity","PopTotal","en","ja","en_share","ja_share"
"AD","Andorra","Andorre","Europe",-1.87,149.94,70473,1628434,153101,0.33,0.29
"AE","United Arab Emirates","Émirats arabes unis","Asia",1.19,109.53,9156963,4048364,410025,0.82,0.77
"AF","Afghanistan","Afghanistan","Asia",2.56,49.82,32526562,2494165,211387,0.51,0.4
"AG","Antigua and Barbuda","Antigua-et-Barbuda","America",1,208.68,91818,765142,86247,0.16,0.16
"AL","Albania","Albanie","Europe",0.24,105.72,2896679,2344799,160816,0.48,0.3
"AM","Armenia","Arménie","Asia",0.28,106,3017712,2395499,167433,0.49,0.32
"AO","Angola","Angola","Africa",3.18,20.07,25021974,1324227,104330,0.27,0.2
"AQ","Antarctica","Antarctique",NA,NA,NA,NA,2267269,150455,0.46,0.28
"AR","Argentina","Argentine","America",0.99,15.87,43416755,2748555,301504,0.56,0.57
"AT","Austria","Autriche","Europe",0.29,103.69,8544586,2566730,331006,0.52,0.62
"AU","Australia","Australie","Oceania",1.41,3.12,23968973,6626701,765362,1.35,1.44
"AZ","Azerbaijan","Azerbaïdjan","Asia",1.17,118,9753968,2379372,284222,0.48,0.54
"BA","Bosnia and Herzegovina","Bosnie-Herzégovine","Europe",-0.22,74.71,3810416,1774701,163050,0.36,0.31
"BB","Barbados","Barbade","America",0.28,660.97,284215,1564059,108641,0.32,0.2
"BD","Bangladesh","Bangladesh","Asia",1.18,1236.81,160995642,3747450,333667,0.76,0.63
"BE","Belgium","Belgique","Europe",0.64,373.16,11299192,2659297,363917,0.54,0.69
"BF","Burkina Faso","Burkina Faso","Africa",2.88,66.18,18105570,1064379,108018,0.22,0.2
"BG","Bulgaria","Bulgarie","Europe",-0.73,65.86,7149787,2078092,167298,0.42,0.32
"BH","Bahrain","Bahren","Asia",1.41,1812.15,1377237,1913959,108380,0.39,0.2
"BI","Burundi","Burundi","Africa",3.29,435.32,11178921,708910,52840,0.14,0.1
"BJ","Benin","Bnin","Africa",2.6,96.49,10879829,822585,80548,0.17,0.15
"BN","Brunei","Brunei","Asia",1.33,80.3,423188,1701662,197579,0.35,0.37
"BO","Bolivia","Bolivie","America",1.51,9.9,10724705,1351008,187682,0.27,0.35
"BR","Brazil","Brésil","America",0.82,24.87,207847528,3498856,396542,0.71,0.75
"BS","Bahamas","Bahamas","America",1.2,38.76,388019,231040,86301,0.05,0.16
"BT","Bhutan","Bhoutan","Asia",1.19,20.33,774830,2246789,259743,0.46,0.49
"BW","Botswana","Botswana","Africa",1.81,3.99,2262485,1326895,97237,0.27,0.18
"BY","Belarus","Biélorussie","Europe",-0.15,46.8,9495826,1984760,205990,0.4,0.39
"BZ","Belize","Belize","America",2.11,15.75,359287,1856491,90622,0.38,0.17
"CA","Canada","Canada","America",0.96,3.95,35939927,8590342,572020,1.75,1.08
"CD","Congo-Kinshasa","Congo-Kinshasa","Africa",3.13,34.08,77266814,1877541,163559,0.38,0.31
"CF","Central African Republic","Centrafrique","Africa",1.98,7.87,4900274,742251,56728,0.15,0.11
"CG","Congo-Brazzaville","Congo-Brazzaville","Africa",2.58,13.53,4620330,658550,74580,0.13,0.14
"CH","Switzerland","Suisse","Europe",0.97,210.01,8298663,3929958,532483,0.8,1
"CI","Ivory Coast","Côte d'Ivoire","Africa",2.41,71.39,22701556,1048881,133520,0.21,0.25
"CL","Chile","Chili","America",1.02,24.14,17948141,1895246,211593,0.39,0.4
"CM","Cameroon","Cameroun","Africa",2.46,49.38,23344179,1181798,66789,0.24,0.13
"CN","China","Chine","Asia",0.45,146.57,1376048943,7050036,761841,1.43,1.43
"CO","Colombia","Colombie","America",0.88,43.47,48228704,2510496,243636,0.51,0.46
"CR","Costa Rica","Costa Rica","America",1.02,94.16,4807850,2048300,164380,0.42,0.31
"CU","Cuba","Cuba","America",0.03,107.01,11389562,2293236,258398,0.47,0.49
"CV","Cape Verde","Cap-Vert","Africa",1.24,129.16,520501,1637725,77462,0.33,0.15
"CY","Cyprus","Chypre","Asia",0.96,126.12,1165300,2552995,161048,0.52,0.3
"CZ","Czechia","Tchéquie","Europe",0.05,136.5,10543186,2671590,288966,0.54,0.54
"DE","Germany","Allemagne","Europe",-0.01,231.49,80688545,5811063,794739,1.18,1.5
"DJ","Djibouti","Djibouti","Africa",1.31,38.3,887861,1013942,79417,0.21,0.15
"DK","Denmark","Danemark","Europe",0.38,133.61,5669081,2976932,353225,0.6,0.67
"DM","Dominica","Dominique","America",0.46,96.91,72680,1400820,50878,0.28,0.1
"DO","Dominican Republic","République dominicaine","America",1.14,217.89,10528391,2225712,179676,0.45,0.34
"DZ","Algeria","Algérie","Africa",1.77,16.65,39666519,1786221,124106,0.36,0.23
"EC","Ecuador","Équateur","America",1.48,65,16144363,1397259,117774,0.28,0.22
"EE","Estonia","Estonie","Europe",-0.26,30.96,1312558,1930241,208158,0.39,0.39
"EG","Egypt","Égypte","Africa",2.03,91.93,91508084,3084704,272253,0.63,0.51
"EH","Western Sahara","Sahara occidental","Africa",2.02,2.15,572540,674677,59216,0.14,0.11
"ER","Eritrea","Érythrée","Africa",2.34,51.76,5227791,1598870,112008,0.32,0.21
"ES","Spain","Espagne","Europe",-0.12,92.47,46121699,4248027,625504,0.86,1.18
"ET","Ethiopia","Éthiopie","Africa",2.45,99.39,99390750,2293184,202276,0.47,0.38
"FI","Finland","Finlande","Europe",0.37,18.11,5503457,2643546,413186,0.54,0.78
"FJ","Fiji","Fidji","Oceania",0.6,48.83,892145,1921285,170478,0.39,0.32
"FK","Falkland Islands","Îles Falkland","America",0.31,0.24,2903,1030477,56329,0.21,0.11
"FM","Micronesia","Micronésie","Oceania",0.48,149.23,104460,525680,86506,0.11,0.16
"FO","Faeroe Islands","Îles Féroé","Europe",0.08,34.53,48199,1566486,62722,0.32,0.12
"FR","France","France","Europe",0.42,117.61,64395345,4906162,678867,1,1.28
"GA","Gabon","Gabon","Africa",2.17,6.7,1725292,799507,66745,0.16,0.13
"GB","United Kingdom","Grande-Bretagne","Europe",0.61,267.5,64715810,8670289,1153672,1.76,2.17
"GD","Grenada","Grenade","America",0.47,314.19,106825,2328874,49938,0.47,0.09
"GE","Georgia","Géorgie","Asia",-0.5,57.56,3999812,2921259,349334,0.59,0.66
"GG","Guernsey","Guernesey","Europe",NA,NA,NA,102638,27533,0.02,0.05
"GH","Ghana","Ghana","Africa",2.25,120.46,27409893,1858740,137985,0.38,0.26
"GL","Greenland","Groenland","America",0.02,0.14,56186,2606362,364362,0.53,0.69
"GM","The Gambia","Gambie","Africa",3.17,196.73,1990924,1193840,71109,0.24,0.13
"GN","Guinea","Guinée","Africa",2.65,51.31,12608590,763315,54610,0.16,0.1
"GQ","Equatorial Guinea","Guinée-Équatoriale","Africa",2.86,30.13,845060,838299,63205,0.17,0.12
"GR","Greece","Grèce","Europe",-0.32,84.99,10954617,2543393,233242,0.52,0.44
"GT","Guatemala","Guatemala","America",2,152.51,16342897,1265744,124264,0.26,0.23
"GW","Guinea-Bissau","Guinée-Bissau","Africa",2.36,65.59,1844325,475348,34133,0.1,0.06
"GY","Guyana","Guyana","America",0.46,3.9,767085,1732031,95652,0.35,0.18
"HK","Hong Kong","Hong Kong","Asia",0.8,6940.94,7287983,4368070,627254,0.89,1.18
"HN","Honduras","Honduras","America",1.41,72.17,8075060,1210888,107621,0.25,0.2
"HR","Croatia","Croatie","Europe",-0.36,75.77,4240317,2472810,225045,0.5,0.42
"HT","Haiti","Haïti","America",1.27,388.65,10711067,1739183,263696,0.35,0.5
"HU","Hungary","Hongrie","Europe",-0.34,108.86,9855023,2082679,290805,0.42,0.55
"ID","Indonesia","Indonésie","Asia",1.16,142.18,257563815,4032215,548954,0.82,1.03
"IE","Ireland","Irlande","Europe",0.54,68.06,4688465,2090579,380301,0.42,0.72
"IL","Israel","Israël","Asia",1.58,372.65,8064036,6831744,746213,1.39,1.41
"IM","Isle of Man","Île de Man","Europe",0.73,154,87780,1700365,88569,0.35,0.17
"IN","India","Inde","Asia",1.19,440.96,1311050527,11571430,560485,2.35,1.06
"IQ","Iraq","Irak","Asia",3.04,83.86,36423395,1822109,159280,0.37,0.3
"IR","Iran","Iran","Asia",1.17,48.58,79109272,3421346,293381,0.7,0.55
"IS","Iceland","Islande","Europe",0.71,3.29,329425,3827734,345051,0.78,0.65
"IT","Italy","Italie","Europe",0.01,203.3,59797685,3728637,576248,0.76,1.09
"JE","Jersey","Jersey","Europe",NA,NA,NA,1055242,34645,0.21,0.07
"JM","Jamaica","Jamaïque","America",0.36,257.93,2793335,2334105,181260,0.47,0.34
"JO","Jordan","Jordanie","Asia",2,85.54,7594547,2078662,120562,0.42,0.23
"JP","Japan","Japon","Asia",-0.2,347.2,126573481,5677917,2180849,1.15,4.11
"KE","Kenya","Kenya","Africa",2.57,80.91,46050302,1774117,131675,0.36,0.25
"KG","Kyrgyzstan","Kirghizistan","Asia",1.57,30.97,5939962,1571679,161204,0.32,0.3
"KH","Cambodia","Cambodge","Asia",1.59,88.25,15577899,2312745,354326,0.47,0.67
"KI","Kiribati","Kiribati","Oceania",1.75,138.79,112423,789489,83005,0.16,0.16
"KM","Comoros","Comores","Africa",2.34,423.68,788474,585627,38418,0.12,0.07
"KN","Saint Kitts and Nevis","Saint-Christophe-et-Niévès","America",1.09,213.74,55572,2137538,70962,0.43,0.13
"KP","North Korea","Corée du Nord","Asia",0.5,208.91,25155317,7344038,1716288,1.49,3.23
"KR","South Korea","Corée du Sud","Asia",0.42,517.26,50293439,3846736,989510,0.78,1.86
"KW","Kuwait","Koweït","Asia",2.91,218.41,3892115,1622987,94719,0.33,0.18
"KZ","Kazakhstan","Kazakhstan","Asia",1.3,6.53,17625226,2933415,268693,0.6,0.51
"LA","Laos","Laos","Asia",1.7,29.47,6802023,1535321,267269,0.31,0.5
"LB","Lebanon","Liban","Asia",2.32,571.92,5850743,2441961,153952,0.5,0.29
"LC","Saint Lucia","Sainte-Lucie","America",0.75,303.28,184999,2419597,37749,0.49,0.07
"LI","Liechtenstein","Liechtenstein","Europe",0.65,234.57,37531,1702413,215797,0.35,0.41
"LK","Sri Lanka","Sri Lanka","Asia",0.46,330.33,20715010,3143072,388279,0.64,0.73
"LR","Liberia","Libéria","Africa",2.45,46.76,4503438,1584405,97044,0.32,0.18
"LS","Lesotho","Lesotho","Africa",1.18,70.32,2135022,889031,112764,0.18,0.21
"LT","Lithuania","Lituanie","Europe",-0.99,45.93,2878405,1849629,186905,0.38,0.35
"LU","Luxembourg","Luxembourg","Europe",1.6,218.96,567110,2476767,259626,0.5,0.49
"LV","Latvia","Lettonie","Europe",-0.75,31.68,1970503,1793517,133840,0.36,0.25
"LY","Libya","Libye","Africa",0.82,3.57,6278438,1461233,128042,0.3,0.24
"MA","Morocco","Maroc","Africa",1.27,77.03,34377511,2931853,265239,0.6,0.5
"MC","Monaco","Monaco","Europe",0.35,25322.82,37731,2563847,271310,0.52,0.51
"MD","Moldova","Moldavie","Europe",-0.15,123.86,4068897,1564790,141482,0.32,0.27
"ME","Montenegro","Monténégro","Europe",0.05,46.53,625781,2162831,120157,0.44,0.23
"MG","Madagascar","Madagascar","Africa",2.77,41.66,24235390,1852749,203174,0.38,0.38
"MH","Marshall Islands","Îles Marshall","Oceania",0.14,294.41,52993,910265,108904,0.18,0.21
"MK","Macedonia","Macédoine","Europe",0.12,82.41,2078453,1791165,103573,0.36,0.2
"ML","Mali","Mali","Africa",3,14.42,17599694,1045239,73821,0.21,0.14
"MM","Myanmar","Myanmar","Asia",0.86,82.5,53897154,4357683,461802,0.89,0.87
"MN","Mongolia","Mongolie","Asia",1.59,1.91,2959134,2046430,351777,0.42,0.66
"MO","Macau","Macao","Asia",1.61,19652.38,587606,1811821,422668,0.37,0.8
"MR","Mauritania","Mauritanie","Africa",2.4,3.95,4067564,993826,74979,0.2,0.14
"MT","Malta","Malte","Europe",0.23,1308.34,418670,3312703,289201,0.67,0.54
"MU","Mauritius","Maurice","Africa",0.33,627.2,1273212,2898781,100378,0.59,0.19
"MV","Maldives","Maldives","Asia",1.68,1212.19,363657,3102152,295196,0.63,0.56
"MW","Malawi","Malawi","Africa",3.06,182.6,17215232,821021,75149,0.17,0.14
"MX","Mexico","Mexique","America",1.26,65.34,127017224,3856703,466253,0.78,0.88
"MY","Malaysia","Malaisie","Asia",1.38,92.32,30331007,3336956,602532,0.68,1.13
"MZ","Mozambique","Mozambique","Africa",2.73,35.58,27977863,1007546,97175,0.2,0.18
"NA","Namibia","Namibia","Africa",2.22,2.99,2458830,1440994,84679,0.29,0.16
"NC","New Caledonia","Nouvelle-Calédonie","Oceania",1.25,14.39,263118,981023,262830,0.2,0.49
"NE","Niger","Niger","Africa",4.02,15.71,19899120,1077729,56039,0.22,0.11
"NG","Nigeria","Nigéria","Africa",2.59,200.05,182201962,3013801,171990,0.61,0.32
"NI","Nicaragua","Nicaragua","America",1.11,50.54,6082032,1174616,88365,0.24,0.17
"NL","Netherlands","Pays-Bas","Europe",0.32,501.93,16924929,546201,26792,0.11,0.05
"NO","Norway","Norvège","Europe",1.16,14.27,5210967,4556071,309752,0.93,0.58
"NP","Nepal","Népal","Asia",1.18,198.91,28513700,2555387,289891,0.52,0.55
"NR","Nauru","Nauru","Oceania",0.4,511.1,10222,779586,156173,0.16,0.29
"NZ","New Zealand","Nouvelle-Zélande","Oceania",0.81,17.2,4528526,4291734,403410,0.87,0.76
"OM","Oman","Oman","Asia",3.59,14.51,4490541,1747979,116701,0.36,0.22
"PA","Panama","Panama","America",1.55,52.85,3929141,1467377,119209,0.3,0.22
"PE","Peru","Pérou","America",1.26,24.51,31376670,1704483,191784,0.35,0.36
"PG","Papua New Guinea","Papouasie-Nouvelle-Guinée","Oceania",2.04,16.83,7619321,1581947,191092,0.32,0.36
"PH","Philippines","Philippines","Asia",1.53,337.73,100699395,4797772,511734,0.97,0.96
"PK","Pakistan","Pakistan","Asia",2.04,245.08,188924874,4892616,265448,0.99,0.5
"PL","Poland","Pologne","Europe",-0.05,126.09,38611794,3088934,389474,0.63,0.73
"PR","Puerto Rico","Porto Rico","America",-0.07,415.25,3683238,5753699,516172,1.17,0.97
"PS","Palestine","Palestine","Asia",2.72,775.49,4668466,1855010,45839,0.38,0.09
"PT","Portugal","Portugal","Europe",-0.44,113,10349803,2492827,268976,0.51,0.51
"PW","Palau","Palaos","Oceania",0.98,46.29,21291,924354,383206,0.19,0.72
"PY","Paraguay","Paraguay","America",1.29,16.71,6639123,799537,89025,0.16,0.17
"QA","Qatar","Qatar","Asia",2.47,192.54,2235355,3954053,310279,0.8,0.58
"RO","Romania","Roumanie","Europe",-0.71,84.77,19511324,2723873,268427,0.55,0.51
"RS","Serbia","Serbie","Europe",-0.43,101.2,8850975,2103904,199336,0.43,0.38
"RU","Russia","Russie","Europe",-0.01,8.76,143456918,6287899,718843,1.28,1.35
"RW","Rwanda","Rwanda","Africa",2.33,470.6,11609666,1131694,103765,0.23,0.2
"SA","Saudi Arabia","Arabie saoudite","Asia",1.94,14.67,31540372,3878173,490875,0.79,0.92
"SB","Solomon Islands","Îles Salomon","Oceania",1.93,20.85,583591,743798,92362,0.15,0.17
"SC","Seychelles","Seychelles","Africa",0.57,209.72,96471,1822374,103681,0.37,0.2
"SD","Sudan","Soudan","Africa",2.31,22.8,40234882,1387520,112351,0.28,0.21
"SE","Sweden","Suède","Europe",0.74,23.83,9779426,3673766,445886,0.75,0.84
"SG","Singapore","Singapour","Asia",1.64,8005.34,5603740,5998733,839528,1.22,1.58
"SI","Slovenia","Slovénie","Europe",0.09,102.66,2067525,1982839,155915,0.4,0.29
"SK","Slovakia","Slovaquie","Europe",0.06,112.84,5426258,1489783,125244,0.3,0.24
"SL","Sierra Leone","Sierra Leone","Africa",2.13,89.4,6453184,1197832,123559,0.24,0.23
"SM","San Marino","Saint-Marin","Europe",0.53,529.68,31781,1194824,178281,0.24,0.34
"SN","Senegal","Sénégal","Africa",3,78.58,15129273,1165738,95829,0.24,0.18
"SO","Somalia","Somalie","Africa",2.67,17.2,10787104,1853344,177142,0.38,0.33
"SR","Suriname","Suriname","America",0.85,3.48,542975,1388573,80617,0.28,0.15
"SS","South Sudan","Soudan du Sud","Africa",3.14,20.2,12339812,1074798,161685,0.22,0.3
"ST","Sao Tome and Principe","Sao Tomé-et-Principe","Africa",2.1,198.28,190344,420458,51066,0.09,0.1
"SV","El Salvador","Salvador","America",0.32,295.69,6126583,1175277,106027,0.24,0.2
"SY","Syria","Syrie","Asia",0.33,100.76,18502413,2684421,365522,0.55,0.69
"SZ","Swaziland","Swaziland","Africa",1.32,74.82,1286970,809086,57905,0.16,0.11
"TD","Chad","Tchad","Africa",3.22,11.15,14037472,870527,66344,0.18,0.12
"TG","Togo","Togo","Africa",2.6,134.3,7304578,653111,46741,0.13,0.09
"TH","Thailand","Thaïlande","Asia",0.28,133.02,67959359,3225553,577496,0.66,1.09
"TJ","Tajikistan","Tadjikistan","Asia",2.19,60.6,8481855,1026759,71447,0.21,0.13
"TL","East Timor","Timor oriental","Asia",2.21,79.68,1184765,1007663,163375,0.2,0.31
"TM","Turkmenistan","Turkménistan","Asia",1.21,11.44,5373502,1083323,127537,0.22,0.24
"TN","Tunisia","Tunisie","Africa",1.08,72.44,11253554,1332434,104194,0.27,0.2
"TO","Tonga","Tonga","Oceania",0.7,147.46,106170,927166,94067,0.19,0.18
"TR","Turkey","Turquie","Asia",1.21,102.21,78665830,3813911,374193,0.77,0.7
"TT","Trinidad and Tobago","Trinité-et-Tobago","America",0.36,265.12,1360088,1484720,159448,0.3,0.3
"TV","Tuvalu","Tuvalu","Oceania",0.27,330.53,9916,722836,124479,0.15,0.23
"TW","Taiwan","Taïwan","Asia",0.06,660.3,23381038,3636347,492309,0.74,0.93
"TZ","Tanzania","Tanzanie","Africa",3.1,60.36,53470420,1737971,111338,0.35,0.21
"UA","Ukraine","Ukraine","Europe",-0.45,77.37,44823765,2580166,305952,0.52,0.58
"UG","Uganda","Ouganda","Africa",3.25,195.35,39032383,1386311,109251,0.28,0.21
"US","United States of America","États-Unis d'Amérique","America",0.73,35.18,321773631,15763670,1609925,3.2,3.03
"UY","Uruguay","Uruguay","America",0.36,19.61,3431555,1198587,107787,0.24,0.2
"UZ","Uzbekistan","Ouzbékistan","Asia",1.35,70.27,29893488,1766879,208376,0.36,0.39
"VA","Vatican","Vatican","Europe",0.12,1818.18,800,1941985,329441,0.39,0.62
"VC","Saint Vincent and the Grenadines","Saint-Vincent-et-les Grenadines","America",0.17,280.67,109462,467912,43041,0.1,0.08
"VE","Venezuela","Venezuela","America",1.31,35.27,31108083,2453395,260993,0.5,0.49
"VN","Vietnam","Viet Nam","Asia",1.06,301.38,93447601,3492958,691244,0.71,1.3
"VU","Vanuatu","Vanuatu","Oceania",2.17,21.71,264652,1030688,102528,0.21,0.19
"WS","Samoa","Samoa","Oceania",0.67,68.28,193228,1106592,86950,0.22,0.16
"XK","Kosovo","Kosovo","Europe",NA,NA,NA,1883464,112269,0.38,0.21
"YE","Yemen","Yémen","Asia",2.38,50.82,26832215,1781462,156233,0.36,0.29
"ZA","South Africa","Afrique du Sud","Africa",0.89,44.92,54490406,4106798,316897,0.83,0.6
"ZM","Zambia","Zambie","Africa",3.07,21.81,16211767,1087938,77703,0.22,0.15
"ZW","Zimbabwe","Zimbabwe","Africa",2.31,40.33,15602751,2455135,254310,0.5,0.48
